Time (s),Altitude (m),VerticalSpeed (m/s),HorizontalSpeed (m/s)
0.000,104.633,16.270,0.053
0.136,107.031,17.695,0.053
0.262,109.245,18.918,0.092
0.380,111.607,20.142,0.134
0.498,114.115,21.368,0.159
0.618,116.771,22.597,0.136
0.741,119.574,23.827,0.084
0.857,122.525,25.059,0.101
0.999,126.155,26.498,0.173
1.145,129.986,27.940,0.219
1.274,134.019,29.384,0.194
1.413,137.638,30.624,0.146
1.537,142.048,32.073,0.174
1.678,146.660,33.524,0.235
1.810,150.776,34.769,0.296
1.935,155.767,36.225,0.259
2.072,160.961,37.683,0.220
2.210,165.577,38.935,0.242
2.334,171.151,40.397,0.316
2.472,176.092,41.653,0.354
2.596,181.184,42.910,0.343
2.717,187.316,44.379,0.300
2.856,193.653,45.850,0.349
2.997,200.196,47.323,0.422
3.133,205.969,48.587,0.489
3.257,211.894,49.854,0.458
3.379,218.999,51.333,0.428
3.511,225.253,52.604,0.455
3.639,232.743,54.087,0.537
3.773,240.441,55.573,0.581
3.913,248.347,57.061,0.558
4.055,255.289,58.338,0.535
4.197,264.784,60.044,0.609
4.357,274.553,61.751,0.688
4.516,284.595,63.462,0.699
4.679,294.911,65.176,0.662
4.819,304.162,66.678,0.711
4.942,312.260,67.967,0.780
5.057,320.512,69.256,0.831
5.180,328.919,70.548,0.812
5.314,338.923,72.058,0.787
5.442,347.667,73.353,0.810
5.564,356.566,74.649,0.881
5.683,365.620,75.947,0.932
5.797,374.831,77.246,0.936
5.934,384.197,78.547,0.897
6.056,395.322,80.067,0.906
6.195,406.660,81.588,0.979
6.339,418.211,83.110,1.055
6.475,429.975,84.635,1.028
6.614,441.953,86.162,0.998
6.755,452.391,87.473,1.012
6.878,464.766,89.003,1.085
7.010,475.545,90.316,1.129
7.133,486.481,91.631,1.130
7.260,499.439,93.167,1.110
7.391,510.717,94.484,1.134
7.520,524.075,96.023,1.201
7.651,535.696,97.343,1.245
7.778,549.455,98.885,1.229
7.917,563.429,100.429,1.194
8.057,577.620,101.975,1.240
8.195,589.956,103.300,1.310
8.318,604.549,104.848,1.362
8.457,619.359,106.399,1.329
8.597,634.386,107.952,1.299
8.735,647.440,109.283,1.341
8.858,662.871,110.838,1.426
8.997,676.271,112.172,1.500
9.122,692.107,113.731,1.486
9.256,708.162,115.292,1.475
9.414,724.435,116.853,1.542
9.556,743.300,118.639,1.623
9.717,762.452,120.428,1.623
9.870,779.444,121.993,1.574
10.016,799.133,123.784,1.598
10.173,819.108,125.576,1.642
10.333,836.821,127.145,1.622
10.471,857.334,128.936,1.497
10.599,872.907,130.281,1.442
10.719,888.642,131.627,1.440
10.839,904.537,132.974,1.427
10.958,920.595,134.320,1.361
11.083,936.814,135.663,1.212
11.213,955.939,137.231,1.050
11.340,972.508,138.577,0.969
11.473,989.238,139.926,0.922
11.596,1008.961,141.497,0.790
11.740,1028.903,143.065,0.577
11.872,1046.172,144.409,0.419
11.993,1063.601,145.757,0.378
12.117,1081.193,147.107,0.403
12.238,1101.922,148.682,0.406
12.376,1122.870,150.250,0.525
12.512,1144.039,151.821,0.751
12.660,1165.427,153.398,0.969
12.790,1183.936,154.752,1.114
12.918,1205.736,156.330,1.318
13.059,1227.755,157.903,1.592
13.201,1246.805,159.254,1.853
13.323,1269.235,160.838,2.069
13.453,1288.637,162.199,2.239
13.576,1311.480,163.784,2.457
13.712,1331.235,165.138,2.725
13.836,1354.489,166.722,3.018
13.972,1374.598,168.087,3.212
14.093,1394.870,169.452,3.405
14.214,1418.729,171.041,3.672
14.356,1442.809,172.626,4.011
14.493,1467.112,174.218,4.296
14.633,1488.120,175.587,4.517
14.758,1512.838,177.184,4.776
14.891,1534.202,178.546,5.070
15.034,1559.333,180.133,5.445
15.176,1588.328,181.958,5.791
15.331,1613.938,183.557,6.093
15.474,1639.771,185.149,6.453
15.614,1669.567,186.960,6.941
15.771,1695.877,188.553,7.320
15.912,1722.410,190.149,7.675
16.053,1749.166,191.741,8.069
16.195,1776.145,193.322,8.546
16.331,1803.344,194.903,9.036
16.490,1834.702,196.723,9.507
16.652,1870.327,198.768,10.069
16.810,1898.288,200.341,10.618
16.973,1930.514,202.138,11.263
17.118,1963.028,203.948,11.838
17.240,1987.604,205.306,12.267
17.362,2012.342,206.654,12.757
17.484,2037.241,207.993,13.298
17.598,2062.301,209.336,13.836
17.721,2083.308,210.461,14.248
17.841,2112.907,212.041,14.803
17.977,2142.727,213.613,15.409
18.115,2172.766,215.171,16.091
18.252,2198.687,216.506,16.691
18.375,2229.133,218.086,17.284
18.511,2255.405,219.439,17.799
18.634,2286.261,221.012,18.436
18.771,2312.883,222.348,19.054
18.892,2344.145,223.914,19.744
19.035,2375.627,225.493,20.380
19.173,2402.788,226.848,20.925
19.294,2434.681,228.417,21.622
19.433,2466.793,229.976,22.374
19.573,2494.492,231.327,22.957
19.696,2527.012,232.909,23.619
19.833,2555.064,234.262,24.203
19.957,2587.994,235.826,24.951
20.096,2621.143,237.390,25.711
20.236,2654.512,238.966,26.424
20.380,2688.102,240.542,27.140
20.515,2717.068,241.887,27.784
20.643,2751.065,243.439,28.611
20.773,2780.379,244.773,29.309
20.897,2814.781,246.342,30.072
21.036,2849.403,247.907,30.857
21.177,2879.252,249.238,31.571
21.301,2914.277,250.992,32.747
21.594,2984.973,253.864,34.350
21.954,3077.139,258.022,36.895
22.345,3181.205,262.419,39.523
22.692,3271.042,266.123,41.922
23.074,3372.950,270.325,44.447
23.459,3481.939,274.734,47.192
23.858,3592.699,279.148,49.977
24.244,3699.558,283.355,52.616
24.584,3796.512,287.049,55.159
24.959,3906.355,291.132,58.023
25.359,4023.622,295.277,61.200
25.758,4142.524,299.250,64.338
26.099,4244.814,302.516,67.262
26.422,4342.085,305.456,69.931
26.662,4415.648,307.614,71.848
26.875,4477.343,309.368,73.432
27.098,4551.831,311.396,75.357
27.479,4670.750,314.496,78.326
27.782,4765.444,316.810,80.671
27.980,4828.954,318.296,82.226
28.383,4956.841,321.116,85.340
28.744,5072.876,323.499,88.138
29.067,5176.721,325.506,90.617
29.377,5274.647,327.310,92.775
29.540,5333.660,328.363,94.304
29.778,5412.636,329.749,96.122
30.023,5491.942,331.113,97.919
30.296,5584.879,332.701,99.980
30.659,5705.024,334.749,102.584
31.040,5832.650,336.953,105.136
31.387,5947.559,338.976,107.648
31.787,6083.640,341.418,110.419
32.170,6213.828,343.774,113.053
32.568,6351.841,346.274,115.849
32.741,6414.273,347.275,116.838
32.883,6462.972,348.274,118.124
33.141,6553.735,349.887,120.004
33.538,6687.141,352.228,122.815
33.790,6778.929,353.808,124.789
34.019,6864.020,355.260,126.642
34.222,6935.195,356.461,128.215
34.463,7020.920,357.892,130.130
34.787,7135.755,359.797,132.733
35.111,7251.198,361.698,135.379
35.263,7309.148,362.653,136.718
35.540,7410.929,364.331,139.080
35.945,7557.150,366.759,142.489
36.100,7615.912,367.743,143.859
36.414,7726.517,369.609,146.442
36.715,7837.688,371.511,149.037
37.017,7949.433,373.444,151.641
37.378,8091.819,375.950,154.956
37.570,8159.600,377.154,156.535
37.840,8265.471,379.060,159.002
38.161,8387.125,381.126,161.492
38.281,8425.287,381.825,162.383
38.393,8471.174,382.667,163.461
38.590,8547.878,384.220,165.633
38.744,8609.445,385.356,167.094
38.997,8702.137,387.078,169.304
39.312,8826.373,389.387,172.300
39.692,8974.868,392.160,175.929
40.054,9116.523,394.809,179.248
40.258,9203.560,396.438,181.640
40.427,9267.086,397.628,183.252
40.719,9386.711,399.869,186.323
40.946,9474.864,401.526,188.614
41.220,9587.589,403.647,191.572
41.629,9749.662,406.572,195.441
41.822,9831.163,408.284,198.064
42.067,9929.378,410.024,200.491
42.307,10028.053,412.109,203.393
42.510,10110.636,413.736,205.647
42.708,10193.548,415.224,207.463
42.911,10276.792,417.067,210.211
43.271,10427.486,420.147,214.380
43.506,10528.570,422.244,217.196
43.744,10621.676,424.195,219.803
43.919,10706.693,425.994,222.197
44.248,10843.473,428.913,226.079
44.549,10963.928,431.507,229.283
44.704,11041.748,433.193,231.781
45.042,11180.849,436.218,235.845
45.308,11303.360,438.900,239.467
45.672,11461.984,442.382,244.226
46.062,11639.714,446.309,249.648
46.440,11801.022,449.892,254.647
46.748,11945.497,453.117,259.190
46.928,12027.219,454.951,261.781
47.255,12173.322,458.241,266.162
47.425,12255.969,460.110,269.125
47.744,12403.734,463.469,273.930
48.142,12589.963,467.732,280.048
48.547,12777.911,472.069,286.281
48.705,12853.577,473.600,288.177
48.825,12901.012,474.924,290.077
48.987,12986.673,476.921,293.268
49.387,13178.324,481.403,299.735
49.634,13294.180,484.126,303.664
49.978,13459.433,488.015,309.300
50.209,13576.881,490.783,312.984
50.431,13685.127,493.335,317.041
50.711,13823.707,496.593,321.826
51.109,14023.267,501.274,328.751
51.426,14184.265,505.034,334.369
51.646,14295.651,507.627,338.272
51.907,14428.024,510.694,342.933
52.067,14509.881,512.353,345.099
52.241,14592.042,514.488,348.731
52.559,14757.275,518.288,354.608
52.906,14944.621,522.351,360.549
53.077,15028.383,524.502,364.306
53.347,15165.150,527.627,369.224
53.534,15270.910,530.040,373.038
53.809,15409.119,533.180,378.044
54.146,15591.092,537.320,384.647
54.395,15731.198,540.495,389.757
54.607,15850.397,543.201,394.108
54.911,16002.967,546.659,399.696
55.063,16090.584,548.388,402.111
55.175,16156.498,549.559,404.241
56.154,16649.799,540.788,403.589
56.261,16714.694,540.797,404.530
56.373,16779.592,540.808,405.473
56.492,16833.674,540.820,406.259
56.595,16887.757,540.834,407.047
56.697,16952.659,540.854,407.993
56.816,17017.564,540.874,408.942
56.938,17082.471,540.894,409.893
57.058,17147.380,540.913,410.850
57.175,17212.291,540.924,411.817
57.296,17277.203,540.928,412.794
57.414,17342.115,540.924,413.782
57.538,17407.026,540.916,414.778
57.656,17471.936,540.903,415.780
57.776,17536.844,540.885,416.790
57.895,17601.749,540.860,417.810
58.015,17666.651,540.831,418.836
58.133,17720.733,540.807,419.694
58.237,17785.629,540.776,420.727
58.356,17850.520,540.741,421.767
58.474,17915.407,540.700,422.816
58.596,17980.289,540.655,423.871
58.712,18045.165,540.612,424.928
58.839,18110.036,540.571,425.985
58.952,18164.091,540.533,426.872
59.056,18228.952,540.479,427.946
59.177,18293.806,540.421,429.027
59.292,18347.846,540.376,429.927
59.394,18412.688,540.327,431.005
59.512,18477.525,540.276,432.088
59.633,18542.354,540.211,433.185
59.752,18607.175,540.139,434.292
59.874,18661.186,540.083,435.213
59.977,18725.993,540.029,436.309
60.099,18790.793,539.974,437.409
60.213,18855.586,539.900,438.528
60.334,18920.369,539.815,439.660
60.455,18974.346,539.745,440.604
60.557,19039.112,539.685,441.718
60.674,19103.871,539.622,442.837
60.794,19168.620,539.536,443.980
60.916,19233.358,539.440,445.134
61.032,19287.298,539.365,446.093
61.139,19352.017,539.294,447.230
61.256,19416.728,539.220,448.371
61.377,19481.428,539.120,449.537
61.493,19535.336,539.032,450.515
61.596,19600.013,538.934,451.685
61.718,19664.680,538.849,452.846
61.833,19718.561,538.777,453.816
61.935,19772.434,538.692,454.799
62.037,19837.069,538.574,455.994
62.154,19890.922,538.480,456.987
62.256,19955.533,538.384,458.169
62.375,20009.367,538.307,459.153
62.477,20073.957,538.198,460.349
62.597,20138.532,538.069,461.564
62.714,20192.333,537.963,462.577
62.832,20256.882,537.860,463.775
62.934,20321.418,537.756,464.976
63.055,20385.941,537.632,466.196
63.177,20450.448,537.495,467.428
63.293,20504.191,537.384,468.453
63.396,20568.669,537.268,469.673
63.516,20633.134,537.155,470.894
63.635,20697.584,537.017,472.135
63.755,20762.016,536.869,473.386
63.874,20826.431,536.731,474.631
63.994,20890.830,536.606,475.870
64.113,20944.485,536.499,476.905
64.215,21008.856,536.352,478.164
64.336,21073.207,536.191,479.435
64.455,21126.819,536.067,480.488
64.557,21191.138,535.931,481.745
64.675,21255.440,535.790,483.007
64.795,21309.012,535.660,484.071
64.898,21373.279,535.488,485.359
65.015,21437.527,535.322,486.645
65.134,21501.756,535.182,487.916
65.257,21565.968,535.030,489.197
65.372,21619.463,534.886,490.278
65.473,21683.637,534.703,491.585
65.594,21737.098,534.558,492.669
65.696,21801.235,534.403,493.960
65.816,21854.668,534.271,495.039
65.918,21918.768,534.087,496.354
66.037,21982.845,533.892,497.677
66.156,22046.900,533.711,498.993
66.272,22100.263,533.570,500.085
66.374,22164.279,533.396,501.401
66.497,22228.274,533.202,502.731
66.616,22281.584,533.029,503.849
66.719,22345.534,532.832,505.184
66.834,22398.808,532.683,506.289
66.935,22452.068,532.533,507.397
67.037,22515.958,532.330,508.742
67.153,22569.180,532.146,509.873
67.257,22633.023,531.931,511.230
67.377,22696.842,531.740,512.572
67.498,22760.637,531.547,513.919
67.615,22824.408,531.326,515.284
67.735,22888.151,531.095,516.657
67.856,22951.868,530.876,518.025
67.977,23015.558,530.672,519.386
68.098,23079.225,530.464,520.751
68.217,23142.864,530.222,522.138
68.336,23206.474,529.980,523.526
68.456,23270.056,529.757,524.906
68.575,23333.612,529.537,526.286
68.695,23386.555,529.343,527.444
68.798,23450.059,529.092,528.845
68.918,23513.532,528.834,530.252
69.032,23566.403,528.635,531.416
69.133,23629.824,528.405,532.810
69.253,23682.653,528.202,533.980
69.360,23746.019,527.941,535.395
69.476,23809.353,527.674,536.815
69.596,23862.108,527.459,537.994
69.698,23925.386,527.218,539.403
69.816,23988.635,526.965,540.820
69.935,24041.318,526.731,542.014
70.037,24104.506,526.447,543.451
70.151,24157.138,526.225,544.641
70.253,24209.747,526.011,545.829
70.357,24272.851,525.749,547.259
70.472,24325.412,525.510,548.462
70.579,24388.452,525.210,549.914
70.693,24440.958,524.971,551.121
70.797,24503.936,524.699,552.561
70.913,24556.392,524.469,553.765
71.085,24619.308,524.174,555.222
71.204,24682.188,523.860,556.688
71.320,24745.029,523.553,558.153
71.447,24807.836,523.274,559.606
71.554,24860.149,523.036,560.821
71.658,24912.437,522.773,562.049
71.763,24975.148,522.448,563.529
71.869,25037.819,522.130,565.007
71.989,25100.454,521.835,566.475
72.111,25163.054,521.538,567.946
72.226,25215.191,521.262,569.187
72.332,25277.719,520.924,570.680
72.448,25329.795,520.655,571.920
72.554,25392.252,520.344,573.403
72.669,25444.271,520.086,574.641
72.771,25506.659,519.757,576.135
72.886,25569.005,519.410,577.640
73.014,25631.310,519.074,579.141
73.130,25693.577,518.759,580.634
73.246,25745.437,518.492,581.881
73.352,25807.633,518.151,583.389
73.466,25859.430,517.854,584.652
73.588,25921.548,517.503,586.167
73.709,25993.969,517.132,587.919
73.851,26066.337,516.743,589.681
73.993,26138.647,516.323,591.459
74.124,26200.581,515.969,592.982
74.248,26262.474,515.633,594.499
74.449,26334.631,515.247,596.267
74.558,26386.138,514.948,597.542
74.664,26447.906,514.576,599.078
74.785,26509.630,514.220,600.609
74.902,26571.312,513.881,602.135
75.023,26622.683,513.595,603.409
75.127,26684.290,513.234,604.946
75.243,26745.852,512.855,606.492
75.362,26807.368,512.491,608.034
75.482,26868.843,512.150,609.567
75.600,26920.041,511.858,610.850
75.703,26981.438,511.487,612.399
75.823,27042.789,511.103,613.954
75.944,27104.095,510.733,615.505
76.058,27155.151,510.444,616.791
76.161,27216.380,510.093,618.337
76.278,27267.370,509.770,619.639
76.384,27328.515,509.379,621.204
76.500,27389.614,509.005,622.763
76.622,27440.496,508.707,624.059
76.724,27501.515,508.346,625.616
76.842,27562.490,507.958,627.185
76.965,27623.417,507.559,628.759
77.099,27694.440,507.122,630.587
77.221,27755.269,506.759,632.151
77.339,27805.926,506.445,633.460
77.444,27866.671,506.047,635.040
77.561,27927.369,505.645,636.623
77.681,27988.019,505.269,638.197
77.801,28048.626,504.901,639.770
77.920,28099.096,504.577,641.089
78.023,28159.617,504.172,642.678
78.142,28220.089,503.769,644.268
78.261,28280.514,503.385,645.852
78.384,28340.894,503.009,647.435
78.503,28401.227,502.610,649.028
78.620,28461.511,502.192,650.629
78.740,28511.710,501.852,651.961
78.841,28571.904,501.463,653.554
78.961,28632.053,501.076,655.148
79.081,28692.153,500.669,656.750
79.200,28742.199,500.313,658.093
79.303,28802.206,499.893,659.702
79.421,28862.166,499.503,661.302
79.541,28922.079,499.109,662.905
79.661,28981.942,498.692,664.518
79.780,29031.790,498.330,665.868
79.881,29091.559,497.905,667.485
80.001,29151.280,497.512,669.093
80.123,29210.954,497.114,670.705
80.242,29270.577,496.681,672.329
80.362,29330.147,496.240,673.958
80.483,29389.666,495.820,675.581
80.603,29449.136,495.417,677.200
80.724,29508.557,495.008,678.822
80.839,29558.035,494.632,680.186
80.945,29617.359,494.183,681.823
81.061,29676.631,493.763,683.453
81.183,29735.854,493.350,685.082
81.304,29795.025,492.924,686.716
81.425,29854.145,492.471,688.360
81.545,29913.209,492.018,690.005
81.664,29972.221,491.599,691.642
81.784,30031.183,491.179,693.280
81.900,30090.093,490.733,694.927
82.020,30148.949,490.271,696.581
82.142,30207.749,489.820,698.232
82.262,30266.497,489.392,699.878
82.382,30325.194,488.963,701.526
82.500,30383.836,488.497,703.186
82.621,30442.423,488.024,704.849
82.742,30500.953,487.574,706.507
82.864,30559.431,487.136,708.163
82.984,30617.856,486.688,709.824
83.105,30676.224,486.208,711.494
83.220,30734.535,485.725,713.167
83.339,30792.790,485.277,714.831
83.460,30841.295,484.905,716.218
83.564,30899.451,484.442,717.890
83.683,30957.550,483.956,719.568
83.801,31005.921,483.553,720.968
83.904,31063.914,483.088,722.643
84.020,31112.199,482.710,724.038
84.123,31170.091,482.239,725.717
84.241,31227.925,481.740,727.405
84.362,31285.698,481.247,729.093
84.481,31343.414,480.774,730.777
84.602,31401.074,480.305,732.462
84.720,31458.676,479.815,734.153
84.845,31516.217,479.300,735.851
84.961,31573.697,478.800,737.548
85.080,31621.553,478.404,738.957
85.184,31678.927,477.923,740.651
85.303,31736.242,477.418,742.352
85.421,31793.495,476.896,744.059
85.549,31850.686,476.388,745.764
85.662,31898.300,475.986,747.180
85.764,31955.384,475.497,748.883
85.879,31993.405,475.145,750.025
85.996,32059.875,474.524,752.026
86.111,32116.782,474.009,753.738
86.236,32173.627,473.511,755.448
86.353,32220.952,473.090,756.876
86.474,32277.685,472.555,758.596
86.592,32334.353,472.009,760.321
86.712,32390.957,471.490,762.040
86.832,32438.080,471.067,763.472
86.934,32494.571,470.546,765.195
87.052,32550.998,470.002,766.924
87.171,32597.970,469.542,768.367
87.275,32654.276,469.007,770.097
87.392,32710.520,468.489,771.824
87.515,32766.701,467.955,773.556
87.630,32813.468,467.487,775.005
87.735,32869.526,466.922,776.746
87.855,32925.518,466.380,778.483
87.971,32972.129,465.939,779.930
88.074,33028.002,465.397,781.670
88.193,33074.512,464.911,783.127
88.295,33130.260,464.329,784.877
88.414,33185.940,463.781,786.622
88.532,33232.290,463.328,788.076
88.634,33278.595,462.862,789.534
88.736,33334.097,462.281,791.288
88.852,33380.295,461.791,792.752
88.956,33435.669,461.220,794.507
89.072,33481.762,460.760,795.968
89.174,33537.014,460.196,797.724
89.293,33583.003,459.698,799.194
89.395,33638.123,459.092,800.960
89.511,33684.003,458.608,802.429
89.613,33729.834,458.134,803.897
89.716,33784.769,457.559,805.661
89.834,33830.494,457.055,807.136
89.936,33885.297,456.436,808.910
90.054,33940.026,455.839,810.682
90.170,33985.580,455.355,812.157
90.275,34040.181,454.765,813.930
90.390,34085.626,454.255,815.411
90.495,34140.091,453.626,817.193
90.612,34194.482,453.012,818.973
90.735,34248.802,452.422,820.751
90.853,34303.050,451.820,822.532
90.973,34348.199,451.289,824.022
91.075,34402.307,450.644,825.812
91.191,34447.340,450.129,827.301
91.294,34501.312,449.522,829.088
91.411,34546.232,449.007,830.579
91.513,34600.067,448.360,832.374
91.635,34653.823,447.702,834.171
91.750,34707.502,447.073,835.966
91.869,34752.177,446.557,837.462
91.973,34805.719,445.921,839.261
92.092,34850.278,445.372,840.763
92.194,34903.674,444.706,842.567
92.314,34948.111,444.163,844.070
92.416,35001.366,443.532,845.873
92.533,35045.686,443.002,847.377
92.635,35089.951,442.433,848.886
92.737,35142.994,441.748,850.698
92.854,35195.956,441.086,852.509
92.976,35248.840,440.437,854.320
93.093,35301.645,439.774,856.134
93.215,35354.368,439.077,857.953
93.332,35407.007,438.378,859.773
93.451,35450.810,437.825,861.288
93.554,35494.559,437.274,862.804
93.656,35546.983,436.593,864.626
93.775,35599.324,435.887,866.451
93.892,35651.580,435.182,868.278
94.012,35695.062,434.610,869.800
94.116,35747.167,433.934,871.627
94.230,35790.525,433.358,873.151
94.335,35842.476,432.629,874.984
94.453,35885.701,432.021,876.513
94.555,35928.867,431.440,878.041
94.657,35980.590,430.748,879.875
94.773,36032.229,430.038,881.712
94.891,36075.195,429.421,883.245
94.994,36118.099,428.804,884.779
95.098,36169.503,428.086,886.620
95.213,36220.823,427.381,888.462
95.332,36263.524,426.777,889.998
95.434,36306.163,426.152,891.537
95.536,36357.247,425.396,893.385
95.652,36408.241,424.661,895.233
95.771,36450.670,424.061,896.774
95.875,36501.505,423.328,898.624
95.994,36552.248,422.550,900.478
96.113,36602.898,421.773,902.333
96.229,36645.038,421.161,903.879
96.333,36687.116,420.546,905.425
96.434,36737.527,419.790,907.283
96.551,36787.846,419.008,909.143
96.669,36829.707,418.355,910.695
96.772,36879.854,417.593,912.556
96.895,36929.911,416.841,914.419
97.011,36979.876,416.061,916.284
97.130,37021.441,415.390,917.840
97.234,37071.230,414.590,919.708
97.351,37112.648,413.937,921.266
97.456,37162.266,413.167,923.135
97.573,37211.788,412.369,925.007
97.692,37261.214,411.548,926.881
97.810,37302.326,410.864,928.443
97.912,37343.371,410.200,930.006
98.016,37392.538,409.409,931.882
98.134,37441.609,408.593,933.760
98.251,37482.426,407.907,935.326
98.354,37531.316,407.095,937.207
98.470,37571.985,406.440,938.775
98.572,37612.588,405.792,940.343
98.674,37661.227,404.998,942.227
98.790,37701.684,404.318,943.798
98.892,37742.074,403.639,945.370
98.995,37790.455,402.863,947.257
99.111,37830.702,402.228,948.830
99.214,37878.913,401.456,950.720
99.332,37919.018,400.788,952.295
99.435,37967.054,399.989,954.188
99.551,38014.997,399.224,956.081
99.671,38054.880,398.594,957.659
99.773,38094.700,397.955,959.238
99.876,38142.398,397.167,961.135
99.991,38182.074,396.503,962.717
100.094,38229.598,395.730,964.616
100.212,38269.132,395.105,966.200
100.315,38316.490,394.351,968.101
100.434,38355.884,393.687,969.687
100.536,38403.069,392.888,971.591
100.655,38450.159,392.117,973.497
100.773,38497.159,391.365,975.403
100.896,38544.067,390.598,977.311
101.010,38583.086,389.937,978.903
101.114,38629.821,389.142,980.814
101.231,38676.463,388.379,982.726
101.351,38715.262,387.756,984.320
101.454,38761.737,386.992,986.234
101.570,38808.120,386.205,988.150
101.691,38854.408,385.423,990.068
101.811,38892.910,384.790,991.666
101.915,38939.031,384.047,993.586
102.032,38985.062,383.284,995.507
102.151,39023.350,382.627,997.109
102.254,39069.208,381.846,999.032
102.371,39114.975,381.100,1000.957
102.495,39153.047,380.486,1002.562
102.597,39198.650,379.729,1004.490
102.712,39236.582,379.075,1006.097
102.814,39282.015,378.302,1008.027
102.933,39327.358,377.568,1009.958
103.053,39365.077,376.959,1011.568
103.155,39410.257,376.202,1013.502
103.272,39447.837,375.558,1015.115
103.375,39492.849,374.796,1017.052
103.490,39530.289,374.180,1018.666
103.618,39582.604,373.327,1020.928
103.738,39619.898,372.700,1022.545
103.841,39664.566,371.926,1024.487
103.956,39701.719,371.292,1026.107
104.059,39738.810,370.688,1027.727
104.161,39783.240,369.969,1029.672
104.280,39820.198,369.348,1031.294
104.385,39864.465,368.585,1033.242
104.500,39908.640,367.835,1035.192
104.620,39952.728,367.117,1037.142
104.740,39996.730,366.403,1039.094
104.859,40040.644,365.652,1041.048
104.977,40077.170,365.019,1042.678
105.081,40120.918,364.281,1044.634
105.196,40157.308,363.683,1046.265
105.300,40200.898,362.964,1048.224
105.419,40244.400,362.221,1050.184
105.542,40287.812,361.466,1052.146
105.656,40323.920,360.856,1053.782
105.759,40367.171,360.150,1055.746
105.881,40410.337,359.434,1057.712
105.996,40446.242,358.817,1059.351
106.101,40489.245,358.070,1061.320
106.216,40525.014,357.463,1062.961
106.319,40560.724,356.882,1064.603
106.421,40603.498,356.177,1066.575
106.541,40646.186,355.435,1068.549
106.658,40681.690,354.814,1070.195
106.760,40724.215,354.097,1072.172
106.881,40766.656,353.401,1074.149
106.997,40801.959,352.811,1075.798
107.099,40837.202,352.206,1077.449
107.201,40879.413,351.470,1079.431
107.316,40914.522,350.873,1081.083
107.418,40956.577,350.188,1083.067
107.541,40998.549,349.493,1085.053
107.657,41033.460,348.886,1086.709
107.759,41075.273,348.151,1088.698
107.877,41110.051,347.564,1090.356
107.979,41151.708,346.879,1092.347
108.100,41186.359,346.299,1094.007
108.202,41227.863,345.577,1096.001
108.316,41262.382,344.970,1097.664
108.420,41303.727,344.267,1099.661
108.536,41338.118,343.701,1101.325
108.637,41372.452,343.132,1102.991
108.740,41413.576,342.421,1104.992
108.856,41447.780,341.817,1106.660
108.959,41481.925,341.233,1108.330
109.063,41522.823,340.559,1110.334
109.181,41563.640,339.883,1112.339
109.299,41597.591,339.290,1114.012
109.404,41638.254,338.572,1116.021
109.520,41672.074,337.995,1117.696
109.621,41712.584,337.324,1119.707
109.741,41753.013,336.647,1121.720
109.856,41786.641,336.065,1123.399
109.959,41826.917,335.356,1125.415
110.080,41867.109,334.671,1127.432
110.200,41907.221,334.013,1129.450
110.317,41940.587,333.456,1131.133
110.419,41980.551,332.754,1133.155
110.541,42020.429,332.052,1135.178
110.656,42053.599,331.486,1136.865
110.759,42086.713,330.942,1138.553
110.862,42126.377,330.274,1140.580
110.978,42159.367,329.690,1142.270
111.081,42198.878,328.989,1144.300
111.201,42238.307,328.321,1146.331
111.318,42271.105,327.779,1148.025
111.420,42310.390,327.115,1150.059
111.536,42343.065,326.543,1151.756
111.638,42375.683,325.966,1153.453
111.741,42414.749,325.298,1155.491
111.860,42453.738,324.656,1157.531
111.976,42486.169,324.116,1159.231
112.081,42525.012,323.426,1161.274
112.197,42557.318,322.851,1162.978
112.299,42596.011,322.194,1165.023
112.419,42634.627,321.556,1167.069
112.536,42666.748,321.010,1168.776
112.641,42705.220,320.333,1170.826
112.760,42743.610,319.656,1172.878
112.880,42781.920,319.013,1174.931
113.000,42820.155,318.383,1176.984
113.116,42851.959,317.836,1178.698
113.220,42890.050,317.161,1180.755
113.342,42928.059,316.496,1182.814
113.459,42965.991,315.859,1184.874
113.579,42997.544,315.332,1186.592
113.681,43035.336,314.678,1188.656
113.796,43066.767,314.115,1190.377
113.898,43098.143,313.555,1192.099
114.001,43135.723,312.929,1194.166
114.119,43173.229,312.311,1196.234
114.238,43204.425,311.770,1197.960
114.342,43241.789,311.104,1200.032
114.461,43279.073,310.455,1202.106
114.577,43316.281,309.839,1204.180
114.696,43347.232,309.324,1205.911
114.798,43384.303,308.677,1207.989
114.920,43421.296,308.016,1210.069
115.036,43452.063,307.485,1211.803
115.139,43488.915,306.870,1213.885
115.256,43519.569,306.356,1215.621
115.359,43556.285,305.717,1217.707
115.481,43592.922,305.064,1219.794
115.597,43623.394,304.535,1221.535
115.698,43659.894,303.934,1223.624
115.820,43696.321,303.326,1225.716
115.941,43732.672,302.683,1227.809
116.062,43768.946,302.037,1229.904
116.175,43799.116,301.517,1231.651
116.281,43835.254,300.924,1233.748
116.397,43865.313,300.414,1235.498
116.500,43901.316,299.771,1237.598
116.620,43937.240,299.127,1239.701
116.742,43973.090,298.523,1241.805
116.857,44002.910,298.031,1243.559
116.960,44038.629,297.423,1245.666
117.077,44068.338,296.897,1247.423
117.179,44097.993,296.372,1249.181
117.281,44133.512,295.767,1251.293
117.399,44168.961,295.185,1253.405
117.521,44204.338,294.583,1255.520
117.639,44239.641,293.953,1257.636
117.761,44269.003,293.432,1259.401
117.864,44304.170,292.840,1261.520
117.979,44339.267,292.260,1263.640
118.100,44374.294,291.657,1265.763
118.224,44409.245,291.029,1267.887
118.340,44444.123,290.421,1270.013
118.457,44478.930,289.848,1272.140
118.578,44513.669,289.271,1274.269
118.701,44548.336,288.660,1276.400
118.818,44582.929,288.043,1278.533
118.937,44617.449,287.453,1280.667
119.057,44651.901,286.888,1282.802
119.182,44686.284,286.303,1284.939
119.297,44714.881,285.788,1286.722
119.400,44749.129,285.173,1288.863
119.517,44777.616,284.699,1290.648
119.641,44817.418,284.046,1293.148
119.760,44845.791,283.560,1294.936
119.862,44874.114,283.056,1296.725
119.967,44908.036,282.459,1298.874
120.084,44941.888,281.897,1301.023
120.206,44970.047,281.436,1302.816
120.308,45003.777,280.862,1304.969
120.422,45037.435,280.263,1307.124
120.538,45065.429,279.773,1308.921
120.640,45098.959,279.211,1311.079
120.759,45132.423,278.660,1313.238
120.882,45165.819,278.084,1315.399
120.998,45199.144,277.487,1317.562
121.120,45232.399,276.912,1319.727
121.240,45265.587,276.368,1321.893
121.362,45298.709,275.818,1324.061
121.478,45331.764,275.241,1326.231
121.602,45364.749,274.658,1328.402
121.720,45397.665,274.103,1330.575
121.841,45430.517,273.569,1332.750
121.959,45457.844,273.112,1334.564
122.062,45490.574,272.531,1336.742
122.182,45523.233,271.954,1338.922
122.302,45555.826,271.411,1341.103
122.423,45588.355,270.882,1343.286
122.538,45615.414,270.427,1345.107
122.641,45647.821,269.846,1347.293
122.781,45685.542,269.192,1349.847
122.922,45723.177,268.583,1352.401
123.039,45750.006,268.145,1354.228
123.141,45782.141,267.587,1356.422
123.260,45814.208,267.020,1358.617
123.381,45846.209,266.479,1360.814
123.501,45878.147,265.966,1363.013
123.620,45910.023,265.435,1365.213
123.742,45941.832,264.871,1367.416
123.860,45973.574,264.314,1369.620
123.977,46005.252,263.793,1371.826
124.100,46031.603,263.373,1373.665
124.201,46063.167,262.843,1375.874
124.322,46094.665,262.283,1378.085
124.439,46126.098,261.738,1380.298
124.561,46157.468,261.237,1382.512
124.677,46183.564,260.822,1384.358
124.781,46214.822,260.290,1386.576
124.899,46246.015,259.741,1388.796
125.020,46277.143,259.211,1391.017
125.138,46303.036,258.797,1392.869
125.240,46328.888,258.380,1394.722
125.503,46365.008,257.762,1397.320
125.617,46395.898,257.217,1399.548
125.733,46426.724,256.703,1401.778
125.857,46457.490,256.213,1404.009
125.973,46488.197,255.710,1406.242
126.093,46513.739,255.269,1408.105
126.196,46544.330,254.739,1410.342
126.314,46569.775,254.318,1412.207
126.416,46600.256,253.839,1414.447
126.536,46630.679,253.346,1416.688
126.651,46655.985,252.911,1418.558
126.755,46686.293,252.384,1420.803
126.874,46716.541,251.887,1423.050
126.996,46746.731,251.414,1425.298
127.112,46771.845,251.008,1427.173
127.216,46801.925,250.478,1429.426
127.334,46831.942,249.954,1431.680
127.457,46861.899,249.479,1433.935
127.573,46886.821,249.093,1435.816
127.678,46916.674,248.605,1438.075
127.792,46941.506,248.177,1439.959
127.893,46966.295,247.756,1441.844
127.996,46995.988,247.281,1444.108
128.114,47020.690,246.900,1445.996
128.216,47050.281,246.425,1448.263
128.332,47074.895,246.003,1450.154
128.433,47099.467,245.578,1452.046
128.535,47128.899,245.101,1454.318
128.657,47158.276,244.652,1456.592
128.776,47187.597,244.180,1458.868
128.892,47211.987,243.756,1460.766
128.995,47241.198,243.256,1463.045
129.115,47270.353,242.799,1465.326
129.236,47299.454,242.355,1467.609
129.356,47328.499,241.879,1469.894
129.477,47357.486,241.383,1472.181
129.593,47386.415,240.908,1474.469
129.719,47415.288,240.467,1476.759
129.837,47444.109,240.021,1479.051
129.952,47472.874,239.535,1481.346
130.077,47501.580,239.045,1483.642
130.197,47530.229,238.596,1485.940
130.313,47558.827,238.165,1488.239
130.437,47587.371,237.713,1490.541
130.552,47611.115,237.313,1492.461
130.656,47639.555,236.844,1494.766
130.772,47663.214,236.481,1496.688
130.874,47691.558,236.059,1498.996
130.992,47715.139,235.688,1500.921
131.095,47743.384,235.214,1503.234
131.216,47771.573,234.753,1505.548
131.336,47795.023,234.392,1507.478
131.438,47823.117,233.974,1509.795
131.553,47851.158,233.528,1512.114
131.675,47874.484,233.135,1514.048
131.778,47902.424,232.677,1516.372
131.892,47925.668,232.336,1518.308
131.996,47953.515,231.928,1520.634
132.115,47981.311,231.480,1522.963
132.235,48004.433,231.096,1524.905
132.337,48032.129,230.656,1527.237
132.473,48059.774,230.247,1529.570
132.577,48087.371,229.832,1531.906
132.692,48110.329,229.461,1533.854
132.795,48137.828,229.008,1536.193
132.915,48165.274,228.587,1538.534
133.036,48192.672,228.192,1540.877
133.154,48215.468,227.850,1542.831
133.256,48242.775,227.411,1545.178
133.372,48265.490,227.044,1547.135
133.475,48292.702,226.634,1549.485
133.596,48319.867,226.247,1551.837
133.716,48346.984,225.838,1554.191
133.835,48369.542,225.469,1556.154
133.937,48396.563,225.034,1558.512
134.056,48423.536,224.651,1560.872
134.177,48450.463,224.276,1563.233
134.294,48472.866,223.930,1565.202
134.395,48499.703,223.501,1567.568
134.516,48526.490,223.094,1569.935
134.632,48553.231,222.722,1572.304
134.755,48579.926,222.341,1574.675
134.876,48606.573,221.919,1577.048
134.996,48633.170,221.497,1579.423
135.118,48659.718,221.120,1581.800
135.233,48681.808,220.818,1583.782
135.335,48708.275,220.432,1586.163
135.456,48734.694,220.021,1588.546
135.576,48761.063,219.624,1590.931
135.692,48783.003,219.319,1592.919
135.794,48800.534,219.081,1594.511
135.903,48831.165,218.635,1597.299
136.019,48857.368,218.224,1599.691
136.142,48883.522,217.835,1602.085
136.261,48909.633,217.483,1604.481
136.382,48935.701,217.124,1606.879
136.498,48957.391,216.802,1608.879
136.599,48983.374,216.404,1611.281
136.721,49004.992,216.093,1613.284
136.822,49030.895,215.757,1615.689
136.938,49056.756,215.402,1618.096
137.062,49082.571,215.002,1620.506
137.178,49104.048,214.676,1622.516
137.281,49125.493,214.386,1624.526
137.383,49151.191,214.052,1626.941
137.503,49176.848,213.694,1629.358
137.622,49202.460,213.312,1631.777
137.739,49223.769,213.005,1633.794
137.842,49249.300,212.667,1636.217
137.961,49274.792,212.334,1638.641
138.081,49300.243,211.971,1641.068
138.201,49325.648,211.592,1643.497
138.322,49351.009,211.245,1645.928
138.442,49376.331,210.927,1648.361
138.558,49397.403,210.649,1650.390
138.661,49422.651,210.287,1652.827
138.782,49447.855,209.926,1655.266
138.898,49473.017,209.598,1657.706
139.020,49493.958,209.339,1659.742
139.123,49519.050,209.004,1662.186
139.240,49539.928,208.697,1664.226
139.342,49564.942,208.341,1666.674
139.459,49589.916,208.036,1669.125
139.577,49610.701,207.788,1671.168
139.681,49631.459,207.507,1673.213
139.784,49656.330,207.154,1675.669
139.899,49681.159,206.822,1678.128
140.021,49705.951,206.521,1680.588
140.143,49730.707,206.213,1683.050
140.263,49755.425,205.873,1685.515
140.381,49780.100,205.531,1687.982
140.499,49804.737,205.228,1690.450
140.618,49825.241,204.989,1692.509
140.721,49849.813,204.680,1694.981
140.841,49874.346,204.344,1697.456
140.961,49894.759,204.074,1699.520
141.062,49919.222,203.782,1701.999
141.182,49943.651,203.499,1704.479
141.302,49968.044,203.186,1706.962
141.421,49992.398,202.858,1709.447
141.541,50012.664,202.602,1711.520
141.644,50036.952,202.333,1714.008
141.759,50057.167,202.108,1716.083
141.862,50081.393,201.791,1718.577
141.977,50101.551,201.521,1720.656
142.083,50125.708,201.234,1723.153
142.203,50149.832,200.974,1725.651
142.325,50173.924,200.693,1728.152
142.444,50197.980,200.380,1730.655
142.562,50217.998,200.130,1732.743
142.663,50237.993,199.907,1734.832
142.766,50261.958,199.653,1737.340
142.884,50281.906,199.424,1739.433
142.987,50305.810,199.120,1741.946
143.106,50329.678,198.830,1744.461
143.221,50349.543,198.616,1746.559
143.323,50369.388,198.418,1748.657
143.426,50393.174,198.147,1751.178
143.541,50412.969,197.896,1753.281
143.645,50436.691,197.617,1755.806
143.765,50460.382,197.378,1758.332
143.886,50484.045,197.137,1760.861
144.004,50503.741,196.904,1762.971
144.106,50527.343,196.617,1765.504
144.226,50550.913,196.362,1768.040
144.345,50574.455,196.134,1770.577
144.466,50597.968,195.889,1773.116
144.585,50617.539,195.661,1775.235
144.687,50640.993,195.393,1777.779
144.806,50664.418,195.158,1780.325
144.922,50683.918,194.974,1782.448
145.026,50703.399,194.776,1784.573
145.127,50726.747,194.505,1787.125
145.247,50750.063,194.245,1789.680
145.366,50773.351,194.028,1792.236
145.486,50796.614,193.817,1794.794
145.601,50815.979,193.615,1796.928
145.704,50835.322,193.392,1799.064
145.808,50858.506,193.152,1801.629
145.927,50881.664,192.949,1804.195
146.066,50908.650,192.702,1807.192
146.185,50927.903,192.488,1809.335
146.287,50950.978,192.240,1811.909
146.405,50974.026,192.033,1814.485
146.522,50993.214,191.874,1816.633
146.626,51016.218,191.657,1819.212
146.747,51039.195,191.415,1821.795
146.862,51058.319,191.227,1823.949
146.965,51081.246,191.033,1826.535
147.086,51104.151,190.843,1829.123
147.204,51127.032,190.624,1831.714
147.326,51149.884,190.394,1834.308
147.442,51172.710,190.193,1836.903
147.566,51195.515,190.016,1839.500
147.681,51214.502,189.857,1841.667
147.786,51237.264,189.639,1844.269
147.903,51259.999,189.424,1846.874
148.024,51278.926,189.270,1849.045
148.126,51301.621,189.106,1851.653
148.243,51320.518,188.953,1853.829
148.345,51343.170,188.734,1856.442
148.467,51365.798,188.531,1859.057
148.584,51388.404,188.372,1861.674
148.702,51410.991,188.214,1864.293
148.827,51433.557,188.016,1866.915
148.946,51456.098,187.809,1869.540
149.065,51478.617,187.641,1872.166
149.183,51501.117,187.498,1874.794
149.306,51523.599,187.328,1877.426
149.422,51542.316,187.161,1879.620
149.527,51564.756,186.979,1882.256
149.647,51587.177,186.833,1884.894
149.767,51609.580,186.689,1887.533
149.884,51631.964,186.514,1890.176
150.007,51654.327,186.331,1892.821
150.127,51676.669,186.179,1895.468
150.245,51698.994,186.048,1898.117
150.367,51721.303,185.897,1900.769
150.484,51736.165,185.782,1902.539
150.740,51762.151,185.591,1905.638
150.845,51780.698,185.479,1907.853
150.949,51802.940,185.352,1910.513
151.069,51825.165,185.205,1913.176
151.190,51847.372,185.045,1915.842
151.305,51865.863,184.925,1918.065
151.409,51888.039,184.804,1920.734
151.527,51910.200,184.681,1923.406
151.644,51928.656,184.562,1925.635
151.746,51947.099,184.434,1927.865
151.849,51969.215,184.305,1930.544
151.969,51991.317,184.200,1933.224
152.089,52009.726,184.102,1935.460
152.191,52028.124,183.988,1937.697
152.305,52050.186,183.853,1940.385
152.415,52072.233,183.740,1943.074
152.534,52094.268,183.638,1945.766
152.655,52116.290,183.523,1948.461
152.773,52138.297,183.396,1951.158
152.893,52156.624,183.301,1953.407
152.995,52178.607,183.204,1956.108
153.112,52196.917,183.125,1958.361
153.214,52215.218,183.036,1960.616
153.316,52237.167,182.920,1963.324
153.431,52255.448,182.832,1965.583
153.534,52277.375,182.748,1968.295
153.650,52295.639,182.676,1970.557
153.754,52313.896,182.592,1972.821
153.856,52335.793,182.489,1975.540
153.970,52357.678,182.401,1978.261
154.095,52379.553,182.324,1980.984
154.215,52401.419,182.241,1983.711
154.335,52423.275,182.149,1986.440
154.453,52441.479,182.078,1988.715
154.555,52463.316,182.005,1991.449
154.675,52485.145,181.935,1994.184
154.794,52503.328,181.872,1996.466
154.896,52525.140,181.792,1999.206
155.011,52546.943,181.722,2001.949
155.134,52568.738,181.662,2004.694
155.250,52586.895,181.611,2006.983
155.352,52605.046,181.553,2009.275
155.455,52626.821,181.485,2012.027
155.572,52644.960,181.439,2014.322
155.675,52666.722,181.389,2017.078
155.796,52688.477,181.334,2019.837
155.915,52710.226,181.276,2022.599
156.032,52731.968,181.225,2025.363
156.152,52750.082,181.190,2027.668
156.256,52768.193,181.154,2029.975
156.365,52789.920,181.108,2032.746
156.472,52811.643,181.063,2035.519
156.593,52833.360,181.026,2038.295
156.714,52855.073,180.994,2041.073
156.832,52873.165,180.965,2043.390
156.935,52894.870,180.929,2046.173
157.052,52912.955,180.903,2048.494
157.154,52934.654,180.879,2051.282
157.274,52956.350,180.856,2054.072
157.393,52978.043,180.829,2056.865
157.511,52996.119,180.809,2059.194
157.613,53017.807,180.794,2061.992
157.734,53039.494,180.782,2064.792
157.853,53061.178,180.766,2067.594
157.973,53082.861,180.749,2070.399
158.094,53104.543,180.743,2073.207
158.214,53126.224,180.742,2076.017
158.333,53147.905,180.737,2078.830
158.456,53169.585,180.729,2081.646
158.571,53187.651,180.730,2083.994
158.675,53209.331,180.738,2086.814
158.794,53231.013,180.746,2089.637
158.915,53252.694,180.749,2092.463
159.035,53274.377,180.756,2095.291
159.153,53296.060,180.773,2098.121
159.274,53317.747,180.793,2100.954
159.390,53335.820,180.805,2103.318
159.492,53353.894,180.817,2105.683
159.596,53375.586,180.838,2108.523
159.711,53393.664,180.862,2110.892
159.814,53415.362,180.892,2113.737
159.935,53437.062,180.917,2116.584
160.056,53458.766,180.944,2119.435
160.169,53476.855,180.974,2121.812
160.272,53494.948,181.011,2124.191
160.374,53516.664,181.050,2127.049
160.492,53534.764,181.077,2129.432
160.594,53556.487,181.117,2132.294
160.716,53578.216,181.168,2135.159
160.832,53596.329,181.212,2137.549
160.933,53618.069,181.259,2140.418
161.054,53639.815,181.306,2143.291
161.174,53661.568,181.362,2146.166
161.290,53679.700,181.415,2148.564
161.393,53701.466,181.477,2151.444
161.515,53723.239,181.535,2154.327
161.631,53741.388,181.585,2156.732
161.739,53763.175,181.655,2159.619
161.856,53781.337,181.719,2162.028
161.960,53803.140,181.791,2164.920
162.081,53824.951,181.858,2167.816
162.201,53846.770,181.934,2170.714
162.316,53864.961,182.006,2173.131
162.418,53883.159,182.078,2175.550
162.521,53905.005,182.158,2178.455
162.641,53926.861,182.239,2181.363
162.760,53945.082,182.315,2183.789
162.862,53966.958,182.413,2186.702
162.980,53988.846,182.508,2189.617
163.098,54010.744,182.599,2192.536
163.220,54032.654,182.696,2195.457
163.336,54054.576,182.804,2198.381
163.460,54076.512,182.912,2201.308
163.577,54094.801,182.998,2203.749
163.680,54116.759,183.103,2206.681
163.799,54135.067,183.197,2209.126
163.901,54157.050,183.317,2212.063
164.025,54179.048,183.436,2215.003
164.137,54197.390,183.531,2217.455
164.239,54215.741,183.628,2219.909
164.341,54237.777,183.756,2222.856
164.456,54256.151,183.868,2225.313
164.560,54278.216,183.996,2228.266
164.680,54300.295,184.123,2231.221
164.798,54318.706,184.234,2233.685
164.901,54340.815,184.376,2236.645
165.020,54362.941,184.519,2239.608
165.137,54381.392,184.635,2242.080
165.242,54403.549,184.775,2245.048
165.359,54422.026,184.899,2247.523
165.462,54444.216,185.054,2250.496
165.580,54466.424,185.207,2253.472
165.702,54488.650,185.358,2256.451
165.821,54510.895,185.515,2259.433
165.939,54529.447,185.652,2261.920
166.041,54551.727,185.819,2264.907
166.157,54574.028,185.983,2267.897
166.277,54592.626,186.119,2270.390
166.379,54611.239,186.262,2272.886
166.482,54633.593,186.440,2275.883
166.602,54655.969,186.618,2278.884
166.718,54674.632,186.764,2281.386
166.820,54697.047,186.943,2284.392
166.941,54719.483,187.130,2287.400
167.058,54738.198,187.288,2289.909
167.186,54764.425,187.509,2293.425
167.299,54786.929,187.698,2296.442
167.420,54809.457,187.895,2299.462
167.536,54828.249,188.063,2301.981
167.638,54850.821,188.265,2305.006
167.756,54869.649,188.432,2307.530
167.858,54888.495,188.602,2310.055
167.960,54907.357,188.776,2312.582
168.062,54930.016,188.991,2315.617
168.178,54948.917,189.169,2318.149
168.281,54971.623,189.382,2321.190
168.401,54994.354,189.601,2324.234
168.516,55013.317,189.788,2326.772
168.620,55036.098,190.014,2329.821
168.741,55058.905,190.240,2332.873
168.861,55081.740,190.469,2335.928
168.977,55104.603,190.703,2338.986
169.101,55127.494,190.942,2342.047
169.221,55150.414,191.180,2345.111
